{
    "countries": [
        {
            "country": "United States",
            "states": [
            "Alabama",
            "Alaska",
            "Arizona",
            "Arkansas",
            "California",
            "Colorado",
            "Connecticut",
            "Delaware",
            "District of Columbia",
            "Florida",
            "Georgia",
            "Hawaii",
            "Idaho",
            "Illinois",
            "Indiana",
            "Iowa",
            "Kansas",
            "Kentucky",
            "Louisiana",
            "Maine",
            "Maryland",
            "Massachusetts",
            "Michigan",
            "Minnesota",
            "Mississippi",
            "Missouri",
            "Montana",
            "Nebraska",
            "Nevada",
            "New Hampshire",
            "New Jersey",
            "New Mexico",
            "New York",
            "North Carolina",
            "North Dakota",
            "Ohio",
            "Oklahoma",
            "Oregon",
            "Pennsylvania",
            "Rhode Island",
            "South Carolina",
            "South Dakota",
            "Tennessee",
            "Texas",
            "Utah",
            "Vermont",
            "Virginia",
            "Washington",
            "West Virginia",
            "Wisconsin",
            "Wyoming"
            ]
        },
        {
            "country": "Germany",
            "states": [
            "Baden-Wuerttemberg",
            "Bayern",
            "Berlin",
            "Brandenburg",
            "Bremen",
            "Hamburg",
            "Hessen",
            "Mecklenburg-Vorpommern",
            "Niedersachsen",
            "Nordrhein-Westfalen",
            "Rheinland-Pfalz",
            "Saarland",
            "Sachsen",
            "Sachsen-Anhalt",
            "Schleswig-Holstein",
            "Thueringen"
            ]
        },
        {
            "country": "Canada",
            "states": [
            "Alberta",
            "British Columbia",
            "Manitoba",
            "New Brunswick",
            "Newfoundland and Labrador",
            "Northwest Territories",
            "Nova Scotia",
            "Nunavut",
            "Ontario",
            "Prince Edward Island",
            "Quebec",
            "Saskatchewan",
            "Yukon Territory"
            ]
        },
        {
            "country": "Mexico",
            "states": [
            "Aguascalientes",
            "Baja California",
            "Baja California Sur",
            "Campeche",
            "Chiapas",
            "Chihuahua",
            "Coahuila de Zaragoza",
            "Colima",
            "Distrito Federal",
            "Durango",
            "Guanajuato",
            "Guerrero",
            "Hidalgo",
            "Jalisco",
            "Mexico",
            "Michoacan de Ocampo",
            "Morelos",
            "Nayarit",
            "Nuevo Leon",
            "Oaxaca",
            "Puebla",
            "Queretaro de Arteaga",
            "Quintana Roo",
            "San Luis Potosi",
            "Sinaloa",
            "Sonora",
            "Tabasco",
            "Tamaulipas",
            "Tlaxcala",
            "Veracruz-Llave",
            "Yucatan",
            "Zacatecas"
            ]
        },
        {
            "country": "United Kingdom",
            "states": []
        },
        {
            "country": "France",
            "states": [
            "Alsace",
            "Aquitaine",
            "Auvergne",
            "Basse-Normandie",
            "Bourgogne",
            "Bretagne",
            "Centre",
            "Champagne-Ardenne",
            "Corse",
            "Franche-Comte",
            "Haute-Normandie",
            "Ile-de-France",
            "Languedoc-Roussillon",
            "Limousin",
            "Lorraine",
            "Midi-Pyrenees",
            "Nord-Pas-de-Calais",
            "Pays de la Loire",
            "Picardie",
            "Poitou-Charentes",
            "Provence-Alpes-Cote d'Azur",
            "Rhone-Alpes"
            ]
        },
        {
            "country": "Italy",
            "states": [
            "Abruzzo",
            "Basilicata",
            "Calabria",
            "Campania",
            "Emilia-Romagna",
            "Friuli-Venezia Giulia",
            "Lazio",
            "Liguria",
            "Lombardia",
            "Marche",
            "Molise",
            "Piemonte",
            "Puglia",
            "Sardegna",
            "Sicilia",
            "Toscana",
            "Trentino-Alto Adige",
            "Umbria",
            "Valle d'Aosta",
            "Veneto"
            ]
        },
        {
            "country": "Spain",
            "states": [
            "Andalucia",
            "Aragon",
            "Asturias",
            "Baleares",
            "Ceuta",
            "Canarias",
            "Cantabria",
            "Castilla-La Mancha",
            "Castilla y Leon",
            "Cataluna",
            "Comunidad Valenciana",
            "Extremadura",
            "Galicia",
            "La Rioja",
            "Madrid",
            "Melilla",
            "Murcia",
            "Navarra",
            "Pais Vasco"
            ]
        },
        {
            "country": "United Arab Emirates",
            "states": [
            "Abu Dhabi",
            "'Ajman",
            "Al Fujayrah",
            "Sharjah",
            "Dubai",
            "Ra's al Khaymah",
            "Umm al Qaywayn"
            ]
        },
        {
            "country": "Saudi Arabia",
            "states": [
            "Al Bahah",
            "Al Hudud ash Shamaliyah",
            "Al Jawf",
            "Al Madinah",
            "Al Qasim",
            "Ar Riyad",
            "Ash Sharqiyah",
            "'Asir",
            "Ha'il",
            "Jizan",
            "Makkah",
            "Najran",
            "Tabuk"
            ]
        },
        {
            "country": "India",
            "states": [
            "Andaman and Nicobar Islands",
            "Andhra Pradesh",
            "Arunachal Pradesh",
            "Assam",
            "Bihar",
            "Chandigarh",
            "Chhattisgarh",
            "Dadra and Nagar Haveli",
            "Daman and Diu",
            "Delhi",
            "Goa",
            "Gujarat",
            "Haryana",
            "Himachal Pradesh",
            "Jammu and Kashmir",
            "Jharkhand",
            "Karnataka",
            "Kerala",
            "Lakshadweep",
            "Madhya Pradesh",
            "Maharashtra",
            "Manipur",
            "Meghalaya",
            "Mizoram",
            "Nagaland",
            "Orissa",
            "Pondicherry",
            "Punjab",
            "Rajasthan",
            "Sikkim",
            "Tamil Nadu",
            "Tripura",
            "Uttaranchal",
            "Uttar Pradesh",
            "West Bengal"
            ]
        },
        {
            "country": "Australia",
            "states": []
        },
        {
            "country": "Singapore",
            "states": []
        },
        {
            "country": "Hong Kong",
            "states": []
        },
        {
            "country": "Indonesia",
            "states": [
            "Aceh",
            "Bali",
            "Banten",
            "Bengkulu",
            "Gorontalo",
            "Irian Jaya Barat",
            "Jakarta Raya",
            "Jambi",
            "Jawa Barat",
            "Jawa Tengah",
            "Jawa Timur",
            "Kalimantan Barat",
            "Kalimantan Selatan",
            "Kalimantan Tengah",
            "Kalimantan Timur",
            "Kepulauan Bangka Belitung",
            "Kepulauan Riau",
            "Lampung",
            "Maluku",
            "Maluku Utara",
            "Nusa Tenggara Barat",
            "Nusa Tenggara Timur",
            "Papua",
            "Riau",
            "Sulawesi Barat",
            "Sulawesi Selatan",
            "Sulawesi Tengah",
            "Sulawesi Tenggara",
            "Sulawesi Utara",
            "Sumatera Barat",
            "Sumatera Selatan",
            "Sumatera Utara",
            "Yogyakarta"
            ]
        },
        {
            "country": "Thailand",
            "states": [
            "Amnat Charoen",
            "Ang Thong",
            "Buriram",
            "Chachoengsao",
            "Chai Nat",
            "Chaiyaphum",
            "Chanthaburi",
            "Chiang Mai",
            "Chiang Rai",
            "Chon Buri",
            "Chumphon",
            "Kalasin",
            "Kamphaeng Phet",
            "Kanchanaburi",
            "Khon Kaen",
            "Krabi",
            "Krung Thep Mahanakhon",
            "Lampang",
            "Lamphun",
            "Loei",
            "Lop Buri",
            "Mae Hong Son",
            "Maha Sarakham",
            "Mukdahan",
            "Nakhon Nayok",
            "Nakhon Pathom",
            "Nakhon Phanom",
            "Nakhon Ratchasima",
            "Nakhon Sawan",
            "Nakhon Si Thammarat",
            "Nan",
            "Narathiwat",
            "Nong Bua Lamphu",
            "Nong Khai",
            "Nonthaburi",
            "Pathum Thani",
            "Pattani",
            "Phangnga",
            "Phatthalung",
            "Phayao",
            "Phetchabun",
            "Phetchaburi",
            "Phichit",
            "Phitsanulok",
            "Phra Nakhon Si Ayutthaya",
            "Phrae",
            "Phuket",
            "Prachin Buri",
            "Prachuap Khiri Khan",
            "Ranong",
            "Ratchaburi",
            "Rayong",
            "Roi Et",
            "Sa Kaeo",
            "Sakon Nakhon",
            "Samut Prakan",
            "Samut Sakhon",
            "Samut Songkhram",
            "Sara Buri",
            "Satun",
            "Sing Buri",
            "Sisaket",
            "Songkhla",
            "Sukhothai",
            "Suphan Buri",
            "Surat Thani",
            "Surin",
            "Tak",
            "Trang",
            "Trat",
            "Ubon Ratchathani",
            "Udon Thani",
            "Uthai Thani",
            "Uttaradit",
            "Yala",
            "Yasothon"
            ]
        },
        {
            "country": "China",
            "states": [
            "Anhui",
            "Fujian",
            "Gansu",
            "Guangdong",
            "Guizhou",
            "Hainan",
            "Hebei",
            "Heilongjiang",
            "Henan",
            "Hubei",
            "Hunan",
            "Jiangsu",
            "Jiangxi",
            "Jilin",
            "Liaoning",
            "Qinghai",
            "Shaanxi",
            "Shandong",
            "Shanxi",
            "Sichuan",
            "Yunnan",
            "Zhejiang",
            "Guangxi",
            "Nei Mongol",
            "Ningxia",
            "Xinjiang",
            "Xizang (Tibet)",
            "Beijing",
            "Chongqing",
            "Shanghai",
            "Tianjin"
            ]
        },
        {
            "country": "Vietnam",
            "states": [
            "An Giang",
            "Bac Giang",
            "Bac Kan",
            "Bac Lieu",
            "Bac Ninh",
            "Ba Ria-Vung Tau",
            "Ben Tre",
            "Binh Dinh",
            "Binh Duong",
            "Binh Phuoc",
            "Binh Thuan",
            "Ca Mau",
            "Cao Bang",
            "Dac Lak",
            "Dac Nong",
            "Dien Bien",
            "Dong Nai",
            "Dong Thap",
            "Gia Lai",
            "Ha Giang",
            "Hai Duong",
            "Ha Nam",
            "Ha Tay",
            "Ha Tinh",
            "Hau Giang",
            "Hoa Binh",
            "Hung Yen",
            "Khanh Hoa",
            "Kien Giang",
            "Kon Tum",
            "Lai Chau",
            "Lam Dong",
            "Lang Son",
            "Lao Cai",
            "Long An",
            "Nam Dinh",
            "Nghe An",
            "Ninh Binh",
            "Ninh Thuan",
            "Phu Tho",
            "Phu Yen",
            "Quang Binh",
            "Quang Nam",
            "Quang Ngai",
            "Quang Ninh",
            "Quang Tri",
            "Soc Trang",
            "Son La",
            "Tay Ninh",
            "Thai Binh",
            "Thai Nguyen",
            "Thanh Hoa",
            "Thua Thien-Hue",
            "Tien Giang",
            "Tra Vinh",
            "Tuyen Quang",
            "Vinh Long",
            "Vinh Phuc",
            "Yen Bai",
            "Can Tho",
            "Da Nang",
            "Hai Phong",
            "Hanoi",
            "Ho Chi Minh"
            ]
        }
    ]
}
